storm_id,lat_start,lon_start,lat_mid,lon_mid,lat_end,lon_end,vmax,lon_min,lat_min,wind_log,Track_Type
0,16.2,299.7,29.9,292.8,40.6,326.6,51.440002,290.9,24.5,7.1721687,19
1,14.8,306.0,28.4,287.5,40.5,331.8,46.296,285.5,23.7,6.8041167,19
2,14.0,311.0,32.7,300.2,36.7,327.2,59.156002,297.2,27.0,7.6912937,14
3,13.5,327.5,22.7,303.0,45.0,356.0,54.012,302.7,23.4,7.3492856,8
4,25.0,312.5,31.1,316.9,41.5,330.5,23.148,312.5,25.0,4.811237,18
5,16.9,278.8,19.8,279.3,26.8,295.5,38.58,278.6,17.4,6.2112803,6
6,31.0,286.0,35.5,288.4,42.9,294.2,30.864,286.0,31.0,5.5555377,15
7,21.7,272.9,24.9,275.2,25.5,277.4,38.58,272.9,21.7,6.2112803,6
8,25.8,273.6,34.6,283.0,45.4,304.0,30.864,273.6,25.8,5.5555377,17
9,13.7,337.8,19.2,316.8,20.0,296.4,30.864,296.4,20.0,5.5555377,11
10,26.2,269.0,28.1,265.9,34.8,268.2,28.292,265.8,27.1,5.3190227,17
11,19.8,290.5,36.7,294.4,51.5,341.0,59.156002,288.1,22.9,7.6912937,14
12,24.8,294.6,27.9,292.9,32.0,302.0,30.864,292.2,26.5,5.5555377,12
13,27.3,269.5,29.4,264.7,41.2,263.0,51.440002,260.6,36.5,7.1721687,0
14,26.0,284.0,25.4,273.0,25.5,259.5,36.008,259.5,25.5,6.0006666,6
15,30.2,295.6,34.6,304.8,41.7,311.2,33.436,295.6,30.2,5.7823873,15
16,28.0,287.0,34.0,289.3,37.9,283.1,28.292,283.1,37.9,5.3190227,15
17,33.0,295.0,40.4,305.9,48.5,322.0,25.720001,295.0,33.0,5.071489,15
18,10.5,309.0,17.2,299.8,25.0,291.5,23.148,291.5,25.0,4.811237,9
19,13.1,319.0,19.6,308.3,32.0,318.0,18.004,306.9,20.8,4.243112,3
20,36.6,293.1,42.3,302.1,46.2,311.1,25.720001,293.1,36.6,5.071489,15
21,28.5,282.6,34.0,282.8,46.0,302.2,59.156002,279.6,29.7,7.6912937,0
22,20.3,263.9,20.5,264.0,20.0,264.3,28.292,263.8,20.4,5.3190227,5
23,13.7,338.7,19.5,332.0,20.0,317.0,28.292,317.0,20.0,5.3190227,3
24,28.6,294.5,32.1,295.3,34.6,297.4,23.148,294.5,28.6,4.811237,1
25,31.3,301.7,32.8,300.2,43.2,325.0,33.436,295.0,31.4,5.7823873,15
26,23.4,287.0,29.5,277.9,36.8,297.9,25.720001,277.7,28.5,5.071489,17
27,24.1,291.1,36.8,288.2,43.3,320.5,46.296,287.4,27.7,6.8041167,0
28,14.7,291.2,22.7,301.3,42.0,313.0,41.152,291.2,14.7,6.4149823,4
29,34.5,299.5,33.1,306.3,19.2,290.6,36.008,290.6,19.2,6.0006666,4
30,29.4,295.8,35.0,292.7,48.0,305.5,30.864,292.7,33.8,5.5555377,15
31,26.0,275.0,26.3,278.3,38.3,280.5,33.436,275.0,26.0,5.7823873,17
32,31.5,279.5,35.4,299.5,44.5,337.5,38.58,279.5,31.5,6.2112803,4
33,18.5,279.3,32.5,268.3,40.4,290.6,41.152,267.3,29.3,6.4149823,6
34,19.8,286.0,28.8,276.2,38.8,268.6,56.584,266.0,34.5,7.5222335,10
35,23.6,289.2,28.5,299.5,32.1,317.5,28.292,289.2,23.6,5.3190227,12
36,13.3,336.4,22.2,292.6,56.6,331.0,64.3,283.8,31.4,8.018728,14
37,29.6,285.7,35.7,285.8,41.3,288.2,25.720001,285.4,32.0,5.071489,1
38,17.8,290.8,31.3,278.2,35.8,287.3,30.864,278.2,31.0,5.5555377,12
39,24.5,269.5,29.5,268.6,36.8,272.9,38.58,267.0,29.3,6.2112803,6
40,21.1,296.2,23.5,277.2,33.5,289.5,54.012,273.4,27.1,7.3492856,10
41,26.2,284.2,31.6,282.1,39.6,291.1,23.148,282.0,30.7,4.811237,1
42,25.6,272.8,29.0,266.3,37.2,270.0,38.58,265.3,30.9,6.2112803,6
43,30.1,276.0,41.3,308.8,56.2,368.0,36.008,276.0,30.1,6.0006666,4
44,10.5,308.0,13.2,296.1,14.8,281.5,25.720001,281.5,14.8,5.071489,9
45,21.8,309.2,29.8,309.6,56.0,326.0,46.296,304.5,27.6,6.8041167,0
46,22.8,297.2,27.0,299.0,31.1,302.1,38.58,297.1,23.2,6.2112803,4
47,34.3,282.5,30.9,303.8,39.0,356.0,33.436,281.7,25.5,5.7823873,4
48,26.3,266.4,31.8,271.8,31.8,277.7,20.576,265.5,29.0,4.5360775,5
49,14.8,340.0,16.2,319.6,23.8,305.5,23.148,305.5,23.8,4.811237,3
50,15.2,328.7,29.2,320.5,42.5,332.0,23.148,320.5,29.2,4.811237,3
51,10.8,341.6,17.7,319.5,32.8,310.5,23.148,302.6,28.5,4.811237,3
52,9.8,308.7,20.0,287.7,49.0,324.0,56.584,287.0,22.0,7.5222335,14
53,15.0,277.4,19.9,275.5,29.5,286.0,33.436,275.5,19.4,5.7823873,6
54,32.0,282.5,40.0,289.2,51.0,304.0,18.004,282.5,32.0,4.243112,1
55,30.4,269.7,29.9,270.1,31.7,266.8,23.148,266.8,31.7,4.811237,17
56,14.9,316.7,20.1,287.3,46.5,300.0,23.148,278.8,33.5,4.811237,12
57,20.1,269.0,19.4,256.6,24.0,251.0,33.436,250.7,24.2,5.7823873,6
58,32.5,299.5,35.9,310.5,43.1,330.3,28.292,299.5,32.5,5.3190227,15
59,12.5,342.5,17.5,339.5,25.0,337.0,25.720001,337.0,25.0,5.071489,3
60,22.8,268.0,26.1,270.8,33.0,265.5,36.008,265.5,33.0,6.0006666,6
61,12.0,306.0,20.1,274.1,43.4,273.5,82.304,256.3,27.6,9.072155,16
62,13.4,328.4,19.0,311.0,55.0,330.0,64.3,308.0,29.0,8.018728,14
63,9.0,314.5,10.0,307.4,12.0,298.8,20.576,298.8,12.0,4.5360775,9
64,8.9,317.8,11.9,277.2,18.4,241.7,64.3,241.7,18.4,8.018728,10
65,14.9,285.7,23.8,273.2,52.0,314.0,33.436,272.8,22.4,5.7823873,4
66,27.0,264.0,31.1,266.0,32.8,266.2,23.148,264.0,27.0,4.811237,5
67,12.8,322.2,21.1,307.5,23.3,301.9,23.148,301.9,23.3,4.811237,3
68,14.8,318.2,22.0,296.2,51.8,318.1,46.296,294.9,31.6,6.8041167,19
69,22.5,270.0,29.1,266.1,34.5,261.5,36.008,261.5,34.5,6.0006666,6
70,14.3,337.6,28.8,315.5,51.9,328.2,46.296,313.7,30.9,6.8041167,8
71,16.8,339.0,33.2,318.7,42.5,331.0,38.58,311.2,35.7,6.2112803,7
72,11.6,339.0,24.0,300.7,43.8,308.5,64.3,297.9,39.2,8.018728,2
73,13.2,340.0,17.4,295.6,58.0,314.0,72.016,278.0,37.1,8.486224,2
74,11.3,316.0,18.1,302.5,22.5,293.0,30.864,293.0,22.5,5.5555377,11
75,19.4,267.6,25.0,267.2,33.8,266.2,38.58,265.0,29.1,6.2112803,6
76,17.1,276.0,19.1,276.8,16.5,276.1,25.720001,274.5,17.5,5.071489,5
77,8.8,318.1,10.9,300.7,16.5,284.4,30.864,284.4,16.5,5.5555377,11
78,34.0,285.0,30.2,286.4,48.4,300.0,36.008,284.0,28.8,6.0006666,4
79,10.1,337.8,19.8,319.2,26.8,313.7,23.148,313.2,26.7,4.811237,3
80,38.0,337.0,36.9,326.2,38.0,343.4,20.576,325.8,37.1,4.5360775,18
81,13.2,280.5,20.6,267.7,22.5,253.0,43.724,253.0,22.5,6.6124125,6
82,9.0,327.9,8.2,313.2,10.2,298.7,18.004,298.7,10.2,4.243112,9
83,12.6,314.1,22.9,302.2,48.5,315.5,54.012,301.8,17.3,7.3492856,19
84,12.5,325.0,21.4,316.6,36.2,308.8,28.292,308.3,33.6,5.3190227,3
85,7.2,336.6,30.1,313.4,50.0,320.5,43.724,309.2,34.2,6.6124125,7
86,14.0,328.0,21.8,318.2,41.0,317.1,38.58,314.5,26.1,6.2112803,7
87,15.6,300.7,18.3,297.9,24.5,286.6,36.008,286.6,24.5,6.0006666,12
88,36.0,316.0,31.3,305.4,47.5,309.0,33.436,287.5,33.2,5.7823873,15
89,22.5,280.5,27.5,277.2,34.0,279.0,28.292,276.9,28.6,5.3190227,17
90,22.2,299.6,26.1,295.1,27.7,295.1,38.58,293.1,28.5,6.2112803,4
91,25.9,282.0,30.9,279.7,37.0,309.3,23.148,277.3,27.3,4.811237,1
92,25.6,285.7,51.2,323.8,40.0,350.1,51.440002,282.9,29.0,7.1721687,0
93,26.7,304.1,34.1,300.2,37.0,334.1,59.156002,296.7,30.0,7.6912937,14
94,10.4,334.2,11.8,320.4,16.0,301.9,23.148,301.9,16.0,4.811237,3
95,24.2,310.9,35.8,317.5,39.5,338.5,25.720001,306.9,29.3,5.071489,18
96,18.9,274.3,23.2,278.8,30.0,284.5,20.576,274.3,18.9,4.5360775,5
97,27.1,295.1,31.2,292.3,32.5,301.0,46.296,291.4,32.3,6.8041167,0
98,44.0,301.0,38.3,288.6,46.3,297.4,33.436,288.3,37.2,5.7823873,15
99,24.0,301.0,25.6,296.7,25.7,298.9,23.148,296.3,25.6,4.811237,1
100,10.8,324.5,25.7,290.3,35.4,276.0,77.16,268.3,30.1,8.784077,16
101,33.8,301.0,36.3,308.2,38.0,336.0,48.868,301.0,33.8,6.9905653,0
102,30.0,327.0,35.9,326.5,49.5,346.5,48.868,325.4,35.0,6.9905653,8
103,32.5,285.4,34.0,286.5,40.5,283.5,28.292,283.5,40.5,5.3190227,15
104,26.2,290.9,30.0,281.9,28.4,297.1,28.292,280.5,29.3,5.3190227,17
105,26.3,299.2,43.2,309.8,43.0,353.0,38.58,298.6,27.1,6.2112803,4
106,21.5,276.0,26.1,284.2,28.8,294.7,18.004,276.0,21.5,4.243112,5
107,20.5,268.1,26.1,263.8,27.1,261.7,18.004,261.7,27.1,4.243112,5
108,10.4,319.7,10.8,294.3,12.2,273.2,25.720001,273.2,12.2,5.071489,9
109,14.1,300.5,15.8,294.0,18.8,288.7,20.576,288.7,18.8,4.5360775,9
110,19.9,307.4,31.4,289.5,39.8,310.6,51.440002,284.8,34.5,7.1721687,0
111,13.6,329.2,18.7,320.3,22.2,315.5,23.148,315.5,22.2,4.811237,3
112,24.7,292.5,45.4,311.7,48.0,355.0,36.008,290.2,31.0,6.0006666,4
113,10.6,279.3,21.2,264.6,20.8,244.0,43.724,244.0,20.8,6.6124125,6
114,26.7,298.2,31.5,301.0,46.0,318.0,33.436,298.0,27.3,5.7823873,4
115,21.7,276.4,31.2,273.9,33.0,273.0,28.292,272.4,24.9,5.3190227,17
116,28.7,272.8,32.3,275.5,42.0,288.0,25.720001,272.6,29.1,5.071489,17
117,11.3,320.6,21.9,303.8,44.7,308.0,36.008,296.8,29.5,6.0006666,7
118,13.1,303.2,14.1,298.4,15.5,293.3,30.864,293.3,15.5,5.5555377,11
119,10.1,330.1,15.1,329.4,16.8,326.8,25.720001,326.8,16.8,5.071489,3
120,22.7,313.0,29.7,304.6,44.2,323.8,48.868,303.0,32.3,6.9905653,19
121,11.9,277.7,23.9,279.2,34.1,280.2,38.58,276.6,13.2,6.2112803,6
122,17.4,275.7,35.6,284.1,65.0,304.0,33.436,273.7,23.3,5.7823873,4
123,32.0,288.0,33.6,290.1,48.5,300.8,30.864,288.0,32.0,5.5555377,15
124,17.1,305.1,27.2,290.6,55.0,340.0,30.864,290.2,29.3,5.5555377,12
125,26.2,273.4,29.5,264.5,33.0,261.5,20.576,261.4,33.1,4.5360775,5
126,22.3,286.8,29.5,273.8,38.8,278.0,43.724,269.8,34.1,6.6124125,0
127,14.3,329.2,34.6,287.6,61.5,359.0,61.728,287.1,35.3,7.856717,14
128,23.7,265.2,23.0,263.3,23.9,261.8,30.864,261.8,23.9,5.5555377,17
129,13.2,327.0,22.2,311.8,40.0,323.0,48.868,310.6,28.7,6.9905653,19
130,13.2,310.7,24.0,298.6,49.3,355.6,48.868,297.5,20.9,6.9905653,19
131,23.7,281.3,29.5,276.7,33.8,277.6,18.004,276.0,32.1,4.243112,1
132,15.4,327.3,19.2,310.9,33.0,298.5,23.148,298.0,32.8,4.811237,3
133,11.4,332.5,17.3,299.0,60.0,320.0,66.872,290.2,27.1,8.17753,2
134,11.7,309.1,39.7,302.4,35.3,308.1,51.440002,290.5,25.5,7.1721687,19
135,10.4,322.3,21.5,319.9,36.0,332.0,33.436,316.9,29.5,5.7823873,7
136,19.1,272.7,20.9,267.8,44.5,283.5,66.872,267.7,21.0,8.17753,16
137,8.3,328.6,12.3,313.3,12.1,302.5,25.720001,302.5,12.1,5.071489,11
138,14.0,277.9,22.2,266.1,19.5,264.0,51.440002,264.0,19.5,7.1721687,10
139,13.8,306.2,21.5,301.5,17.5,295.5,28.292,295.5,17.5,5.3190227,11
140,24.6,300.8,33.1,306.6,50.5,336.0,38.58,300.8,24.6,6.2112803,4
141,26.8,282.2,36.0,285.2,44.0,323.0,23.148,281.2,28.6,4.811237,1
142,9.8,326.0,28.3,283.2,60.5,321.0,51.440002,281.4,31.2,7.1721687,8
143,11.8,297.4,11.8,283.3,13.1,272.1,38.58,272.1,13.1,6.2112803,6
144,17.3,279.8,19.9,268.0,21.8,252.7,36.008,252.7,21.8,6.0006666,6
145,12.4,340.1,22.3,295.4,50.0,319.0,64.3,289.4,29.9,8.018728,2
146,14.0,339.0,22.0,297.1,46.7,290.0,54.012,279.5,40.8,7.3492856,8
147,12.7,337.0,13.7,322.8,21.3,312.3,20.576,312.3,21.3,4.5360775,3
148,14.9,319.0,16.8,294.2,45.0,310.0,61.728,288.1,24.3,7.856717,14
149,8.6,336.7,17.8,316.8,43.0,324.0,51.440002,316.8,17.2,7.1721687,19
150,22.7,263.8,49.1,303.5,63.0,329.5,30.864,263.8,22.7,5.5555377,4
151,17.3,273.5,16.5,272.4,15.7,271.6,23.148,271.6,15.7,4.811237,5
152,12.8,279.6,34.0,303.0,54.0,361.0,51.440002,275.5,18.3,7.1721687,0
153,10.5,282.5,13.8,281.0,19.6,275.2,33.436,275.2,19.6,5.7823873,6
154,28.5,282.6,35.5,285.9,40.0,293.7,23.148,282.6,28.5,4.811237,1
155,32.0,282.8,32.7,289.5,41.0,302.0,20.576,282.8,32.0,4.5360775,1
156,30.4,290.1,36.3,296.4,44.0,307.0,33.436,290.1,30.4,5.7823873,15
157,31.3,286.4,34.4,287.7,35.9,302.1,20.576,286.4,31.3,4.5360775,1
158,27.4,267.4,32.9,272.9,44.0,312.0,36.008,267.4,27.4,6.0006666,4
159,10.9,315.9,36.4,306.4,49.0,346.0,56.584,296.8,20.4,7.5222335,14
160,24.2,295.5,28.2,299.8,29.2,311.2,20.576,295.5,24.2,4.5360775,1
161,20.0,291.3,21.2,295.6,24.5,312.7,20.576,290.2,20.3,4.5360775,9
162,11.3,334.6,14.9,314.4,21.0,300.7,23.148,300.7,21.0,4.811237,3
163,14.7,311.9,28.8,285.3,43.0,319.0,51.440002,282.2,32.7,7.1721687,19
164,25.3,267.7,28.1,262.2,29.4,258.8,30.864,258.8,29.4,5.5555377,17
165,13.4,325.7,30.0,286.3,57.0,348.0,46.296,285.7,28.4,6.8041167,8
166,21.6,266.5,35.9,282.8,52.0,335.0,43.724,266.2,22.4,6.6124125,4
167,25.5,265.5,28.2,263.1,33.0,263.0,28.292,262.4,28.4,5.3190227,17
168,9.7,334.9,19.1,287.3,30.5,278.2,69.444,271.0,30.6,8.333306,2
169,26.9,269.7,26.4,268.6,31.0,270.0,20.576,267.5,25.7,4.5360775,5
170,13.4,333.4,27.6,321.2,41.5,344.5,41.152,317.6,33.9,6.4149823,7
171,9.6,342.6,27.9,318.6,39.5,355.0,46.296,318.0,24.4,6.8041167,8
172,33.3,294.6,32.2,310.6,49.0,352.0,46.296,294.6,33.3,6.8041167,0
173,13.9,313.6,20.4,313.4,52.1,328.0,33.436,310.7,16.8,5.7823873,7
174,11.6,283.9,14.5,271.5,63.5,355.0,79.732,266.3,18.7,8.929277,16
175,28.3,332.0,26.3,314.7,52.0,323.0,38.58,313.4,28.0,6.2112803,7
176,27.1,301.9,29.7,299.1,35.4,298.4,25.720001,296.9,32.9,5.071489,1
177,13.5,341.1,18.4,315.2,40.4,311.8,61.728,301.5,30.8,7.856717,2
178,19.5,265.6,24.2,265.0,27.6,257.0,64.3,257.0,27.6,8.018728,10
179,11.5,306.4,14.6,303.6,23.8,303.3,23.148,302.9,16.4,4.811237,9
180,21.5,292.3,35.2,286.5,45.5,284.4,46.296,279.9,36.3,6.8041167,0
181,14.6,314.4,24.1,287.1,49.5,312.0,69.444,280.9,29.9,8.333306,2
182,12.6,335.8,19.9,304.3,46.6,308.1,66.872,297.1,29.2,8.17753,2
183,25.0,272.2,27.0,274.5,26.9,281.4,25.720001,272.2,25.0,5.071489,17
184,15.9,278.0,26.1,279.4,51.0,315.0,48.868,276.3,20.9,6.9905653,0
185,9.8,309.2,18.5,295.2,40.0,308.2,43.724,293.9,19.9,6.6124125,19
186,11.4,279.1,14.4,275.2,21.2,270.2,18.004,270.2,20.1,4.243112,5
187,16.7,278.4,17.9,296.4,18.5,307.2,69.444,278.4,16.7,8.333306,16
188,10.8,342.0,39.1,319.4,70.7,355.1,56.584,301.4,31.7,7.5222335,8
189,22.5,266.5,23.9,263.7,25.2,260.2,23.148,260.2,25.2,4.811237,5
190,14.2,308.1,16.2,304.6,18.3,299.6,18.004,299.6,18.3,4.243112,9
191,12.0,315.5,17.5,298.3,19.5,283.0,38.58,283.0,19.5,6.2112803,11
192,14.8,314.8,17.2,308.6,20.0,302.0,18.004,302.0,20.0,4.243112,9
193,30.9,289.1,29.6,286.4,45.5,307.0,36.008,286.0,30.7,6.0006666,4
194,19.8,272.7,28.5,276.4,43.5,297.0,36.008,271.3,21.4,6.0006666,4
195,14.9,307.8,22.4,275.1,46.1,311.2,30.864,272.7,29.0,5.5555377,12
196,11.5,337.0,22.3,309.9,62.0,356.0,61.728,303.8,31.2,7.856717,14
197,11.2,330.4,11.1,314.4,11.9,295.1,41.152,295.1,11.9,6.4149823,11
198,16.1,277.1,17.7,272.2,23.8,259.0,61.728,259.0,23.8,7.856717,10
199,29.0,278.6,36.4,292.4,53.0,350.0,30.864,278.6,29.0,5.5555377,15
200,30.0,288.8,30.6,289.1,52.0,309.5,43.724,288.1,29.9,6.6124125,0
201,26.2,300.1,32.4,304.8,39.0,313.0,25.720001,300.1,26.2,5.071489,18
202,21.5,290.5,30.4,287.4,46.0,300.5,28.292,287.4,29.6,5.3190227,12
203,27.5,265.0,31.8,273.9,43.5,299.0,25.720001,263.8,30.5,5.071489,17
204,25.7,275.2,28.1,273.6,37.5,270.0,30.864,270.0,37.5,5.5555377,17
205,12.8,323.0,15.3,284.8,17.9,267.8,30.864,267.8,17.9,5.5555377,11
206,17.9,295.7,35.0,294.0,51.0,319.1,30.864,289.2,24.6,5.5555377,12
207,12.5,325.7,31.1,298.2,65.0,325.0,54.012,294.1,36.9,7.3492856,8
208,13.9,331.6,25.3,311.5,34.6,328.4,51.440002,311.0,22.4,7.1721687,19
209,25.8,275.9,32.3,287.2,57.5,329.0,36.008,274.3,25.1,6.0006666,4
210,25.1,295.8,35.5,294.1,41.5,315.5,46.296,292.5,31.0,6.8041167,0
211,12.3,301.8,16.9,285.3,16.2,268.1,64.3,268.1,16.2,8.018728,10
212,10.6,309.4,12.1,301.3,14.5,294.0,23.148,294.0,14.5,4.811237,9
213,27.5,297.0,36.2,295.2,48.0,298.0,36.008,293.7,33.5,6.0006666,4
214,27.2,325.1,27.8,317.7,37.4,316.9,18.004,314.0,32.8,4.243112,18
215,13.3,276.4,18.2,276.0,28.7,293.5,61.728,275.7,18.8,7.856717,10
216,33.9,309.6,37.4,309.8,45.0,312.0,33.436,309.6,33.9,5.7823873,13
217,30.5,309.0,30.3,302.4,27.0,292.6,41.152,290.1,27.4,6.4149823,4
218,34.3,283.2,45.5,306.7,56.0,309.0,25.720001,283.2,34.3,5.071489,15
219,29.0,271.5,29.9,268.1,27.5,262.3,18.004,262.3,27.5,4.243112,5
220,32.0,282.8,29.7,283.8,31.0,288.0,23.148,282.8,32.0,4.811237,1
221,9.5,328.8,15.2,309.4,24.0,307.5,25.720001,306.2,19.4,5.071489,3
222,29.2,281.2,29.9,280.5,28.5,274.0,28.292,274.0,28.5,5.3190227,17
223,28.0,266.2,28.8,260.5,26.5,259.0,25.720001,259.0,26.5,5.071489,5
224,29.0,289.0,41.6,295.3,62.5,305.5,43.724,284.4,32.5,6.6124125,0
225,26.3,273.4,27.8,270.7,33.0,275.0,25.720001,270.7,27.4,5.071489,17
226,10.0,299.5,22.3,274.9,40.9,280.5,56.584,269.6,26.3,7.5222335,10
227,32.7,307.6,35.5,308.0,41.5,316.7,25.720001,307.2,34.2,5.071489,18
228,28.3,308.2,28.5,292.5,36.7,285.9,38.58,279.1,31.2,6.2112803,4
229,10.2,315.4,18.1,284.6,35.8,270.0,64.3,267.6,30.5,8.018728,2
230,29.1,293.8,29.7,303.4,36.1,337.6,25.720001,290.9,34.3,5.071489,15
231,19.5,271.0,29.1,269.0,37.3,280.5,25.720001,268.4,27.7,5.071489,17
232,11.1,306.5,23.3,269.8,30.9,252.3,41.152,252.3,30.9,6.4149823,6
233,30.8,305.9,36.7,324.2,31.0,316.5,33.436,303.4,34.9,5.7823873,13
234,26.4,276.7,25.9,265.6,24.7,259.7,33.436,259.7,24.7,5.7823873,6
235,14.6,329.3,21.3,298.2,60.0,333.0,64.3,294.6,30.9,8.018728,14
236,24.3,267.6,30.5,264.0,34.6,265.5,18.004,263.4,31.4,4.243112,5
237,27.4,272.3,27.7,276.5,32.9,284.7,25.720001,272.2,27.5,5.071489,17
238,13.8,328.6,21.8,300.4,48.0,279.0,74.588,279.0,45.9,8.636435,2
239,28.2,297.6,33.3,298.0,49.8,297.6,46.296,295.9,37.7,6.8041167,0
240,11.8,322.3,29.7,314.7,63.0,354.0,56.584,303.6,31.4,7.5222335,8
241,18.5,275.3,20.5,266.2,15.8,264.7,28.292,264.7,15.8,5.3190227,5
242,19.1,291.2,24.3,287.6,25.9,292.3,20.576,287.6,24.0,4.5360775,9
243,9.5,323.0,19.9,305.0,27.7,293.0,30.864,291.9,29.8,5.5555377,11
244,12.9,283.8,18.3,289.0,31.9,312.3,28.292,283.8,12.9,5.3190227,12
245,27.5,325.5,19.5,322.8,27.5,325.0,30.864,322.1,20.7,5.5555377,13
246,30.3,281.7,35.3,284.8,47.4,327.3,54.012,280.6,31.4,7.3492856,0
247,12.9,306.4,21.2,275.1,39.0,286.5,28.292,269.3,24.2,5.3190227,12
248,11.4,300.8,21.1,278.1,41.2,288.9,66.872,277.1,24.4,8.17753,16
249,9.0,314.4,10.5,306.5,12.1,297.2,23.148,297.2,12.1,4.811237,9
250,12.3,338.2,29.5,322.3,36.4,314.8,48.868,314.8,36.4,6.9905653,8
251,11.1,324.8,23.5,286.1,47.2,295.8,64.3,274.8,32.0,8.018728,2
252,29.0,294.8,31.4,289.8,43.1,289.5,25.720001,288.5,33.8,5.071489,1
253,31.8,281.9,36.4,282.2,52.0,331.1,33.436,280.4,33.0,5.7823873,15
254,9.7,332.4,20.4,275.9,30.1,265.8,74.588,265.8,30.1,8.636435,16
255,15.9,300.0,27.5,290.7,38.5,287.5,54.012,276.1,31.1,7.3492856,10
256,11.2,330.8,24.3,310.9,65.5,373.5,64.3,310.4,25.5,8.018728,14
257,13.3,327.6,18.7,314.0,44.5,330.0,33.436,312.1,33.6,5.7823873,7
258,24.0,264.6,27.3,268.6,33.6,268.1,20.576,264.6,24.0,4.5360775,5
259,30.0,294.8,32.4,293.9,38.5,299.5,23.148,293.4,31.8,4.811237,1
260,28.0,320.0,31.7,309.0,26.1,308.6,23.148,308.6,26.1,4.811237,18
261,16.9,276.0,28.9,272.8,44.8,282.4,30.864,272.0,35.0,5.5555377,17
262,19.7,264.6,20.6,263.2,22.0,261.5,18.004,261.5,22.0,4.243112,5
263,18.3,273.3,34.6,275.9,48.5,297.5,33.436,269.5,27.0,5.7823873,4
264,12.0,299.2,33.2,271.3,45.8,280.2,66.872,270.8,35.9,8.17753,2
265,10.7,317.6,15.4,285.0,25.0,258.9,72.016,258.9,25.0,8.486224,16
266,25.0,285.0,31.4,291.9,47.5,314.0,30.864,283.2,26.6,5.5555377,15
267,19.3,267.1,21.4,263.4,22.5,258.6,20.576,258.6,22.5,4.5360775,5
268,28.2,291.2,39.1,310.3,42.0,327.5,28.292,291.2,28.2,5.3190227,15
269,12.9,326.5,25.0,297.7,43.3,311.1,46.296,289.8,32.1,6.8041167,19
270,19.4,265.5,19.7,263.7,19.7,262.3,25.720001,262.3,19.7,5.071489,5
271,23.1,284.9,24.4,275.0,40.1,277.1,77.16,270.4,28.2,8.784077,16
272,14.0,314.9,29.5,309.9,37.4,306.1,18.004,305.8,24.2,4.243112,3
273,18.8,314.5,36.5,309.2,63.0,360.0,51.440002,303.2,30.9,7.1721687,8
274,25.8,281.4,33.7,282.4,68.8,366.6,38.58,280.4,28.7,6.2112803,4
275,28.4,293.0,33.4,300.9,46.0,335.0,41.152,293.0,28.4,6.4149823,4
276,13.3,305.5,18.7,302.8,28.6,297.2,36.008,296.1,29.7,6.0006666,12
277,21.3,290.1,24.8,272.4,39.5,272.0,79.732,265.8,31.1,8.929277,16
278,18.9,274.4,20.4,268.6,16.9,263.0,36.008,263.0,16.9,6.0006666,6
279,33.8,328.2,37.1,333.3,43.6,337.0,23.148,328.2,33.8,4.811237,18
280,27.3,280.3,30.9,277.8,30.3,274.4,23.148,274.2,31.2,4.811237,17
281,26.1,302.6,36.7,288.2,39.6,286.2,20.576,286.2,37.6,4.5360775,1
282,32.9,339.4,34.2,341.3,37.7,354.0,33.436,339.4,32.9,5.7823873,13
283,17.6,281.5,20.1,273.6,45.5,308.0,82.304,272.9,20.9,9.072155,16
284,15.8,292.5,19.1,287.3,27.9,289.2,23.148,287.0,22.6,4.811237,9
285,10.4,279.1,13.3,278.9,12.7,275.1,51.440002,275.1,12.7,7.1721687,10
286,13.2,297.9,15.8,275.9,15.4,276.5,23.148,274.4,15.6,4.811237,9
287,27.0,312.0,24.7,321.1,35.3,359.0,30.864,312.0,27.0,5.5555377,13
288,31.5,310.8,34.3,320.2,24.7,320.8,38.58,305.8,30.1,6.2112803,13
289,23.9,324.4,23.3,318.6,26.3,304.3,28.292,304.3,26.3,5.3190227,3
290,20.0,275.0,35.5,282.5,57.0,357.0,30.864,272.1,23.9,5.5555377,4
291,37.2,291.3,42.4,297.9,49.8,313.9,23.148,291.3,37.2,4.811237,1
292,32.3,286.7,38.7,287.2,48.5,303.5,25.720001,286.3,34.5,5.071489,15
293,16.3,301.9,20.6,292.3,23.2,278.3,28.292,278.3,23.2,5.3190227,12
294,11.6,338.3,21.3,320.5,32.1,311.7,23.148,310.9,29.4,4.811237,3
295,12.7,298.4,24.9,279.4,46.5,285.6,33.436,279.0,25.7,5.7823873,12
296,14.1,320.6,31.8,294.0,62.0,326.0,41.152,293.8,29.9,6.4149823,7
297,20.2,306.2,34.1,307.1,50.5,352.5,54.012,301.8,22.8,7.3492856,8
298,11.9,338.0,24.7,305.2,56.3,352.4,54.012,303.0,26.8,7.3492856,8
299,26.1,307.4,30.9,301.1,49.5,313.0,38.58,299.6,34.4,6.2112803,4
300,35.5,286.0,30.5,280.1,31.8,290.6,33.436,280.1,30.6,5.7823873,15
301,18.1,273.0,29.7,277.9,47.5,291.5,25.720001,273.0,18.1,5.071489,17
302,35.5,293.5,58.6,326.1,66.0,353.0,30.864,293.5,35.5,5.5555377,15
303,12.2,331.1,15.0,293.4,20.5,261.0,77.16,261.0,20.5,8.784077,16
304,23.7,269.3,30.3,259.9,35.9,263.5,25.720001,258.1,32.1,5.071489,17
305,11.5,303.4,14.2,283.1,17.7,266.2,77.16,266.2,17.7,8.784077,16
306,30.1,288.2,34.8,283.6,38.4,292.0,25.720001,283.6,34.3,5.071489,1
307,13.0,316.4,16.3,307.3,19.1,298.0,20.576,298.0,19.1,4.5360775,9
308,27.3,265.0,29.9,266.0,32.7,269.8,41.152,264.9,27.6,6.4149823,6
309,36.2,313.9,36.8,313.7,41.0,316.5,18.004,313.7,36.0,4.243112,18
310,10.0,324.1,13.2,314.3,16.8,305.8,33.436,305.8,16.8,5.7823873,11
311,21.8,265.2,20.7,265.1,20.7,261.3,36.008,261.3,20.7,6.0006666,6
312,14.0,334.2,17.2,319.9,24.6,306.5,18.004,306.5,24.6,4.243112,3
313,29.5,307.4,35.1,314.2,48.7,334.8,23.148,307.4,29.5,4.811237,18
314,18.0,299.8,20.7,282.9,64.2,309.6,38.58,281.2,22.6,6.2112803,4
315,18.3,298.2,19.2,280.6,26.3,274.8,25.720001,271.8,23.3,5.071489,12
316,17.5,272.5,18.3,270.8,17.6,268.9,20.576,268.9,17.6,4.5360775,5
317,12.7,337.1,29.5,297.5,58.5,333.0,56.584,295.9,32.5,7.5222335,8
318,31.7,280.2,35.2,285.1,44.4,302.5,28.292,280.2,31.7,5.3190227,15
319,17.8,276.4,26.4,262.8,32.9,253.7,43.724,253.3,31.9,6.6124125,6
320,28.1,272.6,28.7,267.7,32.7,261.3,28.292,261.3,32.7,5.3190227,17
321,18.4,292.6,29.3,279.0,37.7,277.4,30.864,270.0,31.4,5.5555377,12
322,13.5,292.6,21.6,277.5,43.7,276.2,69.444,265.6,33.8,8.333306,16
323,19.4,302.7,20.5,287.2,47.8,307.9,38.58,280.7,31.5,6.2112803,4
324,17.2,323.0,21.1,282.9,47.2,288.9,64.3,264.7,31.0,8.018728,2
325,12.3,338.1,16.2,324.5,16.3,306.4,28.292,306.4,16.3,5.3190227,11
326,21.5,290.0,33.3,290.3,48.1,299.2,38.58,290.0,21.5,6.2112803,4
327,39.0,325.0,39.1,311.3,56.0,334.0,36.008,311.1,40.1,6.0006666,13
328,18.5,268.3,19.6,265.1,19.9,263.1,28.292,263.1,19.9,5.3190227,5
329,15.5,323.4,17.4,319.1,22.0,312.0,18.004,312.0,22.0,4.243112,3
330,15.4,291.0,23.9,302.1,38.3,316.7,59.156002,290.2,15.0,7.6912937,10
331,13.7,278.3,21.8,282.1,28.9,274.4,64.3,274.1,26.8,8.018728,10
332,14.3,336.0,14.0,323.2,14.6,305.2,18.004,305.2,14.6,4.243112,3
333,11.8,328.0,23.1,297.6,53.0,347.0,59.156002,291.1,35.0,7.6912937,14
334,27.0,276.6,30.1,273.9,32.8,271.7,25.720001,271.7,32.8,5.071489,17
335,24.3,290.4,27.4,286.7,31.0,285.0,25.720001,284.3,29.9,5.071489,17
336,16.7,302.7,16.3,298.1,17.0,293.5,23.148,293.5,17.0,4.811237,9
337,11.8,336.0,18.2,325.0,26.6,290.2,54.012,290.2,26.6,7.3492856,19
338,46.0,316.8,39.7,330.6,50.8,352.3,28.292,316.8,46.0,5.3190227,13
339,15.1,310.8,20.3,297.8,20.2,288.3,23.148,288.3,20.2,4.811237,9
340,11.0,278.7,18.7,275.9,30.8,274.5,46.296,271.3,28.5,6.8041167,6
341,15.9,278.0,20.0,268.4,23.2,258.1,48.868,258.1,23.2,6.9905653,10
342,21.5,286.2,26.1,278.2,30.1,269.0,20.576,269.0,30.1,4.5360775,5
343,12.5,319.3,22.3,295.7,30.3,294.3,25.720001,292.8,26.4,5.071489,3
344,10.7,328.9,27.1,299.9,57.5,337.0,59.156002,299.0,28.3,7.6912937,14
345,12.4,340.7,18.7,296.3,55.7,306.5,64.3,284.9,31.7,8.018728,2
346,14.0,318.2,20.2,296.8,34.1,298.0,28.292,292.9,26.9,5.3190227,12
347,12.2,327.8,16.4,313.9,17.4,292.3,18.004,292.3,17.4,4.243112,9
348,14.9,265.9,24.4,263.1,37.5,265.0,30.864,260.4,32.1,5.5555377,17
349,14.0,337.3,19.6,305.0,58.5,309.0,69.444,294.1,30.8,8.333306,2
350,12.9,339.5,28.3,309.3,30.6,315.7,61.728,308.0,32.1,7.856717,2
351,16.3,281.5,19.2,269.9,18.6,262.6,56.584,262.6,18.6,7.5222335,10
352,15.2,328.0,19.0,332.4,30.2,328.5,38.58,327.9,15.3,6.2112803,7
353,13.7,285.2,15.5,274.7,17.2,266.7,25.720001,266.7,17.2,5.071489,5
354,19.4,275.9,21.7,278.4,27.4,281.5,20.576,275.9,19.4,4.5360775,5
355,22.0,292.8,43.4,334.7,31.7,345.3,38.58,291.7,23.3,6.2112803,4
356,13.9,278.2,20.6,274.0,23.0,280.9,46.296,274.0,19.2,6.8041167,6
357,17.2,276.6,15.8,277.4,20.1,267.1,43.724,267.1,20.1,6.6124125,6
358,9.0,306.3,15.9,283.8,42.0,306.5,43.724,283.7,16.1,6.6124125,19
359,25.6,298.8,30.2,294.2,37.0,306.5,33.436,293.9,29.8,5.7823873,15
360,19.9,267.2,21.4,264.4,21.1,261.3,28.292,261.3,21.1,5.3190227,5
361,30.7,280.3,30.0,284.2,39.8,303.0,30.864,280.3,30.7,5.5555377,15
362,33.0,300.5,41.3,313.9,50.0,332.2,30.864,300.5,33.0,5.5555377,15
363,21.6,274.3,24.4,268.7,27.8,261.9,23.148,261.9,27.8,4.811237,5
364,14.9,298.6,18.3,286.0,30.7,285.2,23.148,281.8,26.0,4.811237,9
365,26.2,302.0,31.6,296.8,44.9,315.2,28.292,296.6,30.1,5.3190227,15
366,34.7,294.0,40.4,310.1,35.6,322.1,20.576,294.0,34.7,4.5360775,1
367,15.4,278.0,17.0,271.7,18.1,262.8,28.292,262.8,18.1,5.3190227,5
368,15.0,301.0,25.4,283.4,53.0,300.0,54.012,282.5,30.6,7.3492856,0
369,27.3,301.0,29.1,295.1,38.3,296.2,20.576,294.2,31.6,4.5360775,1
370,9.5,341.0,22.6,299.9,59.5,360.0,61.728,289.8,32.1,7.856717,14
371,37.1,295.7,37.6,296.2,42.4,302.2,20.576,295.7,37.1,4.5360775,1
372,26.6,268.6,29.6,267.9,34.9,274.7,25.720001,267.4,29.5,5.071489,17
373,11.5,324.1,19.8,295.0,47.0,306.5,36.008,290.6,25.2,6.0006666,7
374,20.3,266.1,20.0,267.6,20.5,262.2,33.436,262.2,20.5,5.7823873,6
375,11.6,323.0,17.8,300.7,51.3,328.1,61.728,296.7,24.6,7.856717,14
376,8.3,342.5,23.8,313.7,37.5,316.4,41.152,298.9,25.4,6.4149823,7
377,12.7,279.0,17.3,275.8,21.5,275.8,51.440002,272.8,19.8,7.1721687,10
378,28.5,290.0,27.8,289.7,42.5,307.6,28.292,289.1,29.7,5.3190227,15
379,33.1,283.0,30.4,280.5,35.9,294.0,25.720001,279.9,30.9,5.071489,1
380,30.1,283.9,30.7,276.7,38.1,306.8,30.864,276.6,30.8,5.5555377,15
381,28.8,291.2,38.2,309.8,43.7,321.8,38.58,291.2,28.8,6.2112803,4
382,25.5,272.4,28.8,274.4,29.5,279.7,28.292,272.4,25.5,5.3190227,17
383,11.6,313.3,15.3,280.7,17.9,262.8,43.724,262.8,17.9,6.6124125,6
384,12.2,336.9,16.2,323.8,18.4,307.1,25.720001,307.1,18.4,5.071489,3
385,13.7,317.0,14.1,279.1,22.7,261.1,20.576,261.1,22.6,4.5360775,9
386,27.6,305.4,34.0,321.4,39.8,343.4,48.868,304.6,30.5,6.9905653,0
387,15.7,315.2,23.4,280.0,38.4,266.7,36.008,265.9,36.2,6.0006666,12
388,10.7,328.3,13.9,320.6,17.4,314.6,18.004,314.6,17.4,4.243112,3
389,12.9,332.6,25.0,297.4,55.5,311.5,36.008,297.2,23.8,6.0006666,7
390,23.9,316.6,30.1,309.2,51.7,329.1,46.296,309.1,30.6,6.8041167,8
391,28.9,323.3,30.8,319.2,45.0,317.4,51.440002,312.1,35.5,7.1721687,8
392,15.5,322.0,31.4,333.5,37.6,330.9,41.152,305.9,26.3,6.4149823,7
393,12.4,322.0,18.9,317.9,23.5,322.2,23.148,317.8,19.2,4.811237,3
394,25.5,287.5,25.5,287.6,25.3,288.3,20.576,287.5,25.5,4.5360775,1
395,14.7,297.3,54.0,330.7,40.0,352.5,41.152,294.2,23.6,6.4149823,4
396,14.3,282.6,26.7,282.9,41.5,279.3,51.440002,279.3,41.5,7.1721687,0
397,20.1,309.2,26.9,310.9,30.9,331.4,23.148,308.2,21.6,4.811237,18
398,13.9,263.9,15.7,265.8,18.8,266.1,36.008,263.9,13.9,6.0006666,6
399,25.1,273.4,31.6,278.6,44.5,293.0,28.292,273.4,25.1,5.3190227,17
400,12.4,278.5,17.6,269.7,19.6,262.5,20.576,262.5,19.6,4.5360775,5
401,9.3,318.6,12.1,304.8,16.7,288.8,28.292,288.8,16.7,5.3190227,11
402,11.3,340.0,20.4,298.0,32.4,284.4,25.720001,280.6,26.1,5.071489,3
403,13.9,336.7,19.2,324.9,20.0,317.2,20.576,317.2,20.0,4.5360775,3
404,18.7,265.8,19.5,263.7,20.5,261.8,25.720001,261.8,20.5,5.071489,5
405,16.2,294.1,25.2,292.0,37.7,293.4,28.292,290.8,22.8,5.3190227,12
406,13.0,342.4,24.7,328.8,33.0,315.5,41.152,315.5,33.0,6.4149823,7
407,19.3,267.8,21.3,265.5,23.7,260.3,38.58,260.3,23.7,6.2112803,6
408,21.1,310.0,28.1,316.3,38.0,331.1,23.148,309.4,23.3,4.811237,18
409,21.5,273.2,25.8,269.8,28.1,268.1,28.292,268.1,28.0,5.3190227,17
410,27.6,304.1,29.3,311.1,32.8,316.1,23.148,304.1,27.6,4.811237,18
411,23.9,307.6,33.7,307.6,40.0,342.9,28.292,305.3,30.8,5.3190227,18
412,34.3,332.3,33.6,332.2,37.1,332.2,28.292,331.1,33.1,5.3190227,13
413,32.0,281.8,35.3,284.0,59.5,305.0,43.724,280.7,27.6,6.6124125,0
414,9.6,322.9,23.4,287.2,47.5,345.0,36.008,286.4,26.1,6.0006666,7
415,21.5,287.8,36.3,292.9,69.0,345.0,38.58,287.0,22.9,6.2112803,4
416,19.2,267.7,22.0,263.0,21.6,259.0,23.148,259.0,21.6,4.811237,5
417,13.7,326.8,30.6,302.2,33.4,329.3,54.012,302.2,30.6,7.3492856,19
418,22.0,298.8,27.9,294.6,33.9,301.0,36.008,294.6,27.9,6.0006666,4
419,16.4,305.1,24.1,291.5,53.9,329.1,64.3,291.3,24.7,8.018728,14
420,19.5,264.7,18.3,275.5,16.8,269.5,18.004,264.7,19.5,4.243112,5
421,26.8,280.8,32.6,282.1,43.0,293.0,25.720001,280.8,26.8,5.071489,17
422,27.0,265.7,34.8,263.7,38.9,278.7,25.720001,262.5,32.2,5.071489,17
423,35.4,284.6,37.6,292.5,46.0,304.1,23.148,284.6,35.4,4.811237,1
424,9.6,330.7,12.8,314.7,15.8,298.7,56.584,298.7,15.8,7.5222335,19
425,14.3,314.9,16.3,302.5,17.6,291.4,23.148,291.4,17.6,4.811237,9
426,11.6,342.5,20.0,328.6,25.3,316.8,38.58,316.7,24.5,6.2112803,7
427,12.0,336.9,13.5,326.6,14.0,313.6,25.720001,313.6,14.0,5.071489,3
428,31.1,297.8,30.9,299.2,35.7,299.7,23.148,297.8,31.1,4.811237,1
429,9.4,335.8,20.9,311.3,24.1,310.7,23.148,310.7,24.1,4.811237,3
430,26.8,291.3,35.8,295.9,35.2,352.3,69.444,285.2,23.2,8.333306,16
431,22.2,288.5,34.2,290.4,40.7,314.6,38.58,283.7,27.2,6.2112803,4
432,26.6,284.7,27.3,318.9,57.0,318.0,38.58,284.7,26.6,6.2112803,4
433,27.2,287.9,35.6,285.5,30.6,330.5,20.576,279.6,32.8,4.5360775,1
434,21.6,272.0,30.0,276.7,43.0,302.0,25.720001,272.0,21.6,5.071489,17
435,19.4,268.4,19.8,264.7,20.8,261.3,20.576,261.3,20.8,4.5360775,5
436,16.3,282.5,17.4,271.1,19.0,262.5,38.58,262.5,19.0,6.2112803,6
437,12.0,327.8,20.0,312.8,27.1,293.3,23.148,293.3,27.1,4.811237,3
438,11.0,340.6,29.3,305.8,40.9,333.9,54.012,304.6,30.7,7.3492856,8
439,23.8,278.6,34.3,281.8,41.7,290.0,36.008,272.0,24.4,6.0006666,4
440,20.0,311.5,30.5,306.5,55.1,329.7,28.292,306.2,32.1,5.3190227,18
441,13.1,341.0,18.3,312.7,45.0,320.1,30.864,294.6,29.7,5.5555377,7
442,27.3,279.8,30.3,283.9,35.4,282.6,23.148,278.3,30.5,4.811237,1
443,13.2,333.3,20.6,325.5,31.6,319.5,23.148,317.4,28.3,4.811237,3
444,13.4,300.2,18.0,285.7,35.3,288.9,74.588,279.3,29.7,8.636435,16
445,23.2,300.2,27.3,293.6,59.0,323.5,61.728,293.1,27.8,7.856717,14
446,12.5,279.3,10.6,280.9,9.1,266.7,51.440002,266.7,9.1,7.1721687,10
447,35.8,309.7,31.7,318.9,31.9,313.6,28.292,308.8,37.4,5.3190227,13
448,7.5,310.4,8.9,302.2,10.6,297.4,23.148,297.4,10.6,4.811237,9
449,23.6,271.4,28.7,266.5,38.9,281.5,25.720001,266.2,30.3,5.071489,17
450,10.3,312.3,11.0,307.8,11.4,302.9,23.148,302.9,11.4,4.811237,9
451,28.4,274.6,27.5,278.3,30.7,281.9,25.720001,274.6,28.4,5.071489,17
452,15.5,278.5,19.8,270.7,19.8,261.7,38.58,261.7,19.8,6.2112803,6
453,22.4,293.2,31.9,287.8,50.5,323.5,48.868,287.7,29.9,6.9905653,0
454,13.7,314.2,24.7,266.0,38.2,275.3,59.156002,262.4,29.3,7.6912937,10
455,30.7,279.3,31.8,279.8,35.4,284.5,20.576,279.3,30.7,4.5360775,1
456,16.1,333.1,18.1,296.9,36.8,269.9,79.732,269.9,36.8,8.929277,16
457,9.3,326.5,25.0,293.1,38.7,290.8,69.444,288.0,28.6,8.333306,2
458,22.2,262.8,21.6,265.4,20.1,262.3,46.296,262.3,20.1,6.8041167,6
459,10.4,336.9,30.0,311.1,45.8,321.1,51.440002,302.7,31.7,7.1721687,8
460,12.2,310.3,28.0,287.3,48.0,343.0,77.16,286.9,31.1,8.784077,16
461,10.7,279.2,24.6,272.8,47.5,304.0,41.152,270.8,29.1,6.4149823,4
462,31.8,320.5,30.2,324.3,60.1,365.3,51.440002,319.9,30.4,7.1721687,8
463,17.5,275.8,20.1,276.5,22.7,278.8,18.004,275.5,18.2,4.243112,5
464,25.5,307.7,30.0,310.0,45.5,313.0,25.720001,307.7,25.5,5.071489,18
465,18.8,272.9,29.1,274.1,46.0,276.7,28.292,272.1,36.7,5.3190227,17
466,10.0,325.1,20.7,287.3,45.5,304.3,36.008,286.2,23.7,6.0006666,7
467,30.7,291.5,35.0,290.0,63.5,348.5,46.296,284.6,33.0,6.8041167,0
468,41.2,326.3,32.2,310.8,47.0,329.2,23.148,309.7,31.7,4.811237,18
469,36.9,314.5,44.2,320.9,55.0,355.5,20.576,314.1,37.8,4.5360775,18
470,12.8,343.1,24.5,305.0,42.2,286.7,66.872,277.4,36.4,8.17753,2
471,22.4,283.0,30.4,271.5,35.5,267.7,30.864,267.7,35.5,5.5555377,17
472,13.5,325.0,14.6,312.4,15.4,291.0,33.436,291.0,15.4,5.7823873,11
473,13.4,343.2,20.3,323.5,49.5,350.0,48.868,322.6,23.5,6.9905653,8
474,37.0,320.2,34.4,326.8,30.8,325.0,23.148,315.1,32.1,4.811237,18
475,7.7,338.2,11.2,312.3,14.4,295.8,28.292,295.8,14.4,5.3190227,11
476,35.0,315.0,29.8,303.4,41.1,352.4,41.152,301.7,35.6,6.4149823,13
477,17.8,273.4,32.8,276.8,41.2,350.0,72.016,273.1,18.1,8.486224,16
478,9.3,333.3,12.6,328.3,16.2,323.0,28.292,323.0,16.2,5.3190227,11
479,25.4,314.7,32.3,304.6,62.4,350.9,48.868,301.5,26.2,6.9905653,8
480,28.1,291.4,30.6,290.9,31.6,293.3,18.004,290.9,30.3,4.243112,1
481,28.5,273.5,29.1,268.3,37.2,267.1,33.436,266.4,31.9,5.7823873,17
482,40.1,300.3,36.3,319.2,36.5,315.2,18.004,300.3,40.1,4.243112,1
483,10.3,313.6,26.4,284.9,51.6,305.2,82.304,280.3,29.8,9.072155,16
484,31.7,287.3,31.9,287.8,38.5,291.5,18.004,287.0,33.4,4.243112,1
485,16.1,329.9,30.5,318.4,49.0,333.6,28.292,310.6,35.1,5.3190227,18
486,23.6,266.0,23.4,263.2,24.7,261.4,23.148,261.4,24.7,4.811237,5
487,23.0,285.8,29.8,283.3,41.5,302.5,56.584,281.9,29.1,7.5222335,0
488,12.6,317.4,25.4,293.4,35.1,301.7,46.296,290.9,30.5,6.8041167,19
489,28.3,264.3,29.9,264.4,31.1,265.2,20.576,264.3,28.3,4.5360775,5
490,11.5,301.2,18.0,294.5,28.8,300.0,20.576,294.2,16.0,4.5360775,9
491,10.9,341.2,22.0,315.1,54.5,351.8,72.016,315.0,22.4,8.486224,14
492,35.0,285.9,38.2,290.3,40.9,310.2,28.292,285.9,35.0,5.3190227,15
493,22.2,264.3,28.6,272.9,37.5,285.5,25.720001,264.3,22.2,5.071489,17
494,40.0,321.7,35.1,330.0,46.8,343.6,36.008,320.1,39.0,6.0006666,13
495,24.7,265.2,33.9,270.3,46.0,279.7,23.148,265.2,24.7,4.811237,17
496,40.5,308.5,43.4,319.4,40.5,332.5,36.008,308.5,40.5,6.0006666,13
497,19.4,301.9,28.8,310.6,51.3,357.9,30.864,298.2,21.0,5.5555377,4
498,28.0,281.3,35.9,286.1,32.8,295.0,28.292,281.3,28.0,5.3190227,17
499,31.5,281.2,34.2,279.6,39.9,279.4,23.148,278.9,37.1,4.811237,1
500,19.4,269.1,25.8,269.9,52.5,280.9,25.720001,267.4,19.4,5.071489,17
501,38.6,292.9,39.6,297.9,44.1,304.4,20.576,292.9,38.6,4.5360775,1
502,30.4,288.8,42.6,314.1,52.0,360.0,20.576,288.8,30.4,4.5360775,1
503,27.7,271.2,33.7,282.1,45.4,286.2,25.720001,271.2,27.7,5.071489,17
504,8.9,323.2,9.7,313.4,10.8,297.9,28.292,297.9,10.8,5.3190227,11
505,25.7,271.7,27.1,265.5,25.8,259.7,41.152,259.7,25.8,6.4149823,6
506,12.5,306.0,24.3,282.5,46.7,288.2,41.152,280.0,29.6,6.4149823,7
507,11.1,325.8,13.7,310.7,20.2,295.5,20.576,295.5,20.2,4.5360775,9
508,36.6,285.8,38.4,290.9,39.7,298.4,23.148,285.8,36.6,4.811237,1
509,14.4,312.7,20.5,281.3,38.3,275.2,66.872,266.6,30.5,8.17753,2
510,14.1,279.5,23.2,273.3,29.1,267.7,33.436,267.7,29.1,5.7823873,6
511,30.2,279.3,36.2,295.2,40.4,304.4,18.004,279.3,30.2,4.243112,1
512,15.9,284.8,17.1,275.5,15.8,268.6,33.436,268.6,15.8,5.7823873,6
513,14.6,341.9,18.6,324.2,27.5,311.6,20.576,311.6,27.5,4.5360775,3
514,16.9,318.7,46.6,327.0,36.1,334.5,46.296,295.1,32.9,6.8041167,19
515,11.0,328.6,21.1,304.9,52.8,304.2,61.728,295.7,41.0,7.856717,2
516,25.4,281.4,28.7,272.1,34.1,279.2,48.868,271.9,28.9,6.9905653,0
517,17.5,331.8,21.5,324.7,19.3,313.7,23.148,313.7,19.3,4.811237,3
518,47.2,338.0,39.4,340.9,40.6,352.4,30.864,337.5,46.6,5.5555377,13
519,10.2,335.0,12.4,325.0,15.8,313.3,18.004,313.3,15.8,4.243112,3
520,21.1,265.1,27.7,264.8,34.1,273.5,28.292,263.2,28.7,5.3190227,17
521,16.6,276.7,21.8,271.8,20.6,271.5,33.436,271.5,21.3,5.7823873,6
522,16.4,283.8,23.0,268.6,35.1,273.7,61.728,266.2,26.9,7.856717,10
523,31.5,305.1,28.9,301.3,52.1,331.5,51.440002,297.9,36.5,7.1721687,0
524,18.4,277.4,20.6,272.1,39.5,288.3,51.440002,268.3,25.1,7.1721687,10
525,14.9,287.6,19.5,277.7,35.7,290.8,66.872,272.2,15.3,8.17753,16
526,28.4,312.5,31.5,330.6,33.4,341.4,30.864,312.5,28.4,5.5555377,13
527,15.5,289.1,13.2,281.6,13.7,271.0,69.444,271.0,13.7,8.333306,16
528,30.3,304.5,34.5,298.2,37.6,303.3,25.720001,297.3,34.3,5.071489,1
529,31.9,281.9,35.4,288.1,42.5,302.1,28.292,281.9,31.9,5.3190227,15
530,22.5,267.8,33.3,274.3,44.1,300.4,20.576,267.8,22.5,4.5360775,5
531,29.8,287.2,31.5,282.4,32.4,279.3,20.576,279.3,32.4,4.5360775,1
532,9.4,317.2,22.1,278.5,46.8,295.6,38.58,276.4,28.4,6.2112803,7
533,13.9,301.3,24.1,275.9,42.6,289.0,28.292,274.1,27.4,5.3190227,12
534,15.0,313.3,18.2,283.9,20.2,262.0,54.012,262.0,20.2,7.3492856,10
535,35.8,296.6,29.7,288.0,42.3,292.7,33.436,285.6,41.7,5.7823873,15
536,16.5,281.1,33.0,270.0,46.6,296.5,66.872,269.1,31.0,8.17753,16
537,13.1,312.7,19.8,309.5,26.6,307.7,20.576,307.7,26.6,4.5360775,3
538,32.1,308.3,37.1,317.4,50.5,324.5,25.720001,308.3,32.1,5.071489,18
539,11.5,339.4,21.4,307.6,55.3,313.2,56.584,297.7,33.6,7.5222335,8
540,28.4,273.2,31.7,280.6,33.7,290.2,25.720001,273.2,28.4,5.071489,17
541,21.0,264.8,29.7,265.3,30.8,267.0,33.436,263.3,25.9,5.7823873,6
542,30.4,285.7,40.4,316.2,31.5,318.6,28.292,284.7,32.8,5.3190227,15
543,10.4,332.6,21.6,323.0,28.3,318.3,25.720001,318.0,26.5,5.071489,3
544,16.4,307.3,19.6,298.2,21.7,293.1,23.148,293.1,21.7,4.811237,9
545,10.0,326.9,20.3,302.0,58.1,337.7,69.444,298.0,28.3,8.333306,14
546,31.4,298.0,34.3,294.6,35.6,298.2,20.576,294.5,34.3,4.5360775,1
547,7.0,338.0,11.6,326.5,17.8,316.9,28.292,316.9,17.8,5.3190227,11
548,32.5,283.7,34.4,316.1,43.2,330.3,30.864,283.7,32.5,5.5555377,15
